INSERT INTO students_account
        (email,pwd)
VALUES ('kavita.123@gmail.com', 'password@1');
INSERT INTO students_account
        (email,pwd)
VALUES ('franklin.123@gmail.com', 'password@1');
INSERT INTO students_account
        (email,pwd)
VALUES ('simeon.123@gmail.com', 'password@1');
INSERT INTO students_account
        (email,pwd)
VALUES ('brolin123@gmail.com', 'password@1');
INSERT INTO students_account
        (email,pwd)
VALUES ('emeka123@gmail.com', 'password@1');


INSERT INTO students
    (student_account_id,full_name,cohort,passing_year,email,mobile,professional_interest,gender,github_link,linkedin_link,hire)
VALUES
    (1,'Kavita Patil', 'West Midlands', '2023-03-31','kavita.123@gmail.com',079826308100,'Fullstack Developer','female','https://github.com/kavitapatil','https://www.linkedin.com/in/kavitapatil-5bb76423a','no');
INSERT INTO students
    (student_account_id,full_name,cohort,passing_year,email,mobile,professional_interest,gender,github_link,linkedin_link,hire)
VALUES
    (2,'Franklin', 'West Midlands', '2023-03-31','franklin.123@gmail.com',079826308200,'Frontend Developer','male','https://github.com/franklin','https://www.linkedin.com/in/franklin-5bb76423a','no');
INSERT INTO students
    (student_account_id,full_name,cohort,passing_year,email,mobile,professional_interest,gender,github_link,linkedin_link,hire)
VALUES
    (3,'Simeon', 'West Midlands', '2023-03-31','simeon.123@gmail.com',079826308300,'Fullstack Developer','male', 'https://github.com/simeon','https://www.linkedin.com/in/simeon-5bb76423a','no');
INSERT INTO students
    (student_account_id,full_name,cohort,passing_year,email,mobile,professional_interest,gender,github_link,linkedin_link,hire)
VALUES
    (4,'Brolin', 'West Midlands', '2023-03-31','brolin123@gmail.com',079826308400,'Frontend Developer','male','https://github.com/brolin','https://www.linkedin.com/in/brolin-5bb76423a','no');
INSERT INTO students
    (student_account_id,full_name,cohort,passing_year,email,mobile,professional_interest,gender,github_link,linkedin_link,hire)
VALUES
    (5,'Emeka', 'West Midlands', '2023-03-31','emeka123@gmail.com',079826308500,'Frontend Developer','male', 'https://github.com/emeka','https://www.linkedin.com/in/emeka-5bb76423a','no');


INSERT INTO skills
    (student_id, skill)
VALUES
    (1, 'HTML5');
INSERT INTO skills
    (student_id, skill)
VALUES
    (1, 'CSS');
INSERT INTO skills
    (student_id, skill)
VALUES
    (1, 'JAVASCRIPT');
INSERT INTO skills
    (student_id, skill)
VALUES
    (1, 'NODE');

INSERT INTO skills
    (student_id, skill)
VALUES
    (2, 'HTML5');
INSERT INTO skills
    (student_id, skill)
VALUES
    (2, 'CSS');
INSERT INTO skills
    (student_id, skill)
VALUES
    (2, 'JAVASCRIPT');
INSERT INTO skills
    (student_id, skill)
VALUES
    (2, 'NODE');

INSERT INTO skills
    (student_id, skill)
VALUES
    (3, 'HTML5');
INSERT INTO skills
    (student_id, skill)
VALUES
    (3, 'CSS');
INSERT INTO skills
    (student_id, skill)
VALUES
    (3, 'JAVASCRIPT');
INSERT INTO skills
    (student_id, skill)
VALUES
    (3, 'NODE'); 

INSERT INTO skills
    (student_id, skill)
VALUES
    (4, 'HTML5');
INSERT INTO skills
    (student_id, skill)
VALUES
    (4, 'CSS');
INSERT INTO skills
    (student_id, skill)
VALUES
    (4, 'JAVASCRIPT');
INSERT INTO skills
    (student_id, skill)
VALUES
    (4, 'NODE');  

INSERT INTO skills
    (student_id, skill)
VALUES
    (5, 'HTML5');
INSERT INTO skills
    (student_id, skill)
VALUES
    (5, 'CSS');
INSERT INTO skills
    (student_id, skill)
VALUES
    (5, 'JAVASCRIPT');
INSERT INTO skills
    (student_id, skill)
VALUES
    (5, 'NODE');      
