    TRUNCATE TABLE skills CASCADE;

    insert into graduates_account (email, pwd) values ('gmarmyon0@un.org', 'CyQ5Bu');
    insert into graduates_account (email, pwd) values ('syitshak1@twitpic.com', 'V7ewWIOR2K');
    insert into graduates_account (email, pwd) values ('hbasilotta2@mac.com', 'YyKxxp');
    insert into graduates_account (email, pwd) values ('ainstone3@merriam-webster.com', 'N821JNOMf9D');
    insert into graduates_account (email, pwd) values ('hcorington4@ed.gov', '6aN6dXLmk3k');
    insert into graduates_account (email, pwd) values ('hlate5@e-recht24.de', '39n3FAih');
    insert into graduates_account (email, pwd) values ('dcubberley6@indiegogo.com', 'eAkwP0gLW5Sh');
    insert into graduates_account (email, pwd) values ('kdufer7@sakura.ne.jp', 'iASkmw3U2Z');
    insert into graduates_account (email, pwd) values ('pchatin8@google.ru', 'pWnMmhTB');
    insert into graduates_account (email, pwd) values ('okays9@mediafire.com', '0hedEa7');
    insert into graduates_account (email, pwd) values ('gfonteynea@live.com', 'jByVYU4j4jq7');
    insert into graduates_account (email, pwd) values ('nkervinb@netlog.com', '1F5n620af8Xa');
    insert into graduates_account (email, pwd) values ('vlaynec@omniture.com', 'Q1rwvhr');
    insert into graduates_account (email, pwd) values ('ncoveyd@cargocollective.com', 'oDZSCq8eD');
    insert into graduates_account (email, pwd) values ('vanneye@usatoday.com', 'sp1s50P');
    insert into graduates_account (email, pwd) values ('edomninf@dailymail.co.uk', 'q1ka6B');
    insert into graduates_account (email, pwd) values ('mcastrig@youtu.be', 'C41VIxpPj');
    insert into graduates_account (email, pwd) values ('scianih@eventbrite.com', 'svMIZHUXQBu');
    insert into graduates_account (email, pwd) values ('lcarderoi@spotify.com', 'hdWdgSc');
    insert into graduates_account (email, pwd) values ('idedonj@netlog.com', 'm5v3w7ZPX');



    insert into graduates (graduate_account_id, full_name, cohort, passing_year, mobile, professional_interest , gender, photo_url, details, github_link, linkedin_link, portfolio_link, hire, experience ) values 
    (1, 'Dalenna Eastup', 'Yegor’yevsk', 2004, '150-601-3379', 'Tax Accountant', 'Female', 'https://randomuser.me/api/portraits/women/86.jpg', 'Synchronised analyzing matrix', 'http://dell.com/vel/est/donec/odio/justo.xml', 'https://spiegel.de/vestibulum/sit/amet/cursus/id/turpis.jsp', 'http://nasa.gov/suscipit/nulla/elit.jsp', true, 'Future-proofed multi-state superstructure');
    insert into graduates (graduate_account_id, full_name, cohort, passing_year, mobile, professional_interest , gender, photo_url, details, github_link, linkedin_link, portfolio_link, hire, experience ) values 
    (2, 'Hope Meininking', 'Katsuura', 1999, '823-585-3614', 'Assistant Professor', 'Female', 'https://randomuser.me/api/portraits/women/81.jpg', 'Ameliorated dedicated utilisation', 'http://dell.com/vestibulum/rutrum/rutrum/neque/aenean/auctor/gravida.aspx', 'http://omniture.com/ultricies/eu.js', 'https://gravatar.com/orci/pede.png', false, 'Secured demand-driven infrastructure');
    insert into graduates (graduate_account_id, full_name, cohort, passing_year, mobile, professional_interest , gender, photo_url, details, github_link, linkedin_link, portfolio_link, hire, experience ) values 
    (3, 'Theresa Bogey', 'Shanghudi', 1994, '378-860-6554', 'Programmer IV', 'Female', 'https://randomuser.me/api/portraits/women/2.jpg', 'Upgradable context-sensitive projection', 'http://addtoany.com/pellentesque/volutpat/dui/maecenas/tristique/est.json', 'http://tumblr.com/turpis/elementum/ligula/vehicula/consequat/morbi/a.xml', 'https://blogspot.com/duis/bibendum/felis/sed/interdum/venenatis/turpis.json', false, 'Ergonomic empowering synergy');
    insert into graduates (graduate_account_id, full_name, cohort, passing_year, mobile, professional_interest , gender, photo_url, details, github_link, linkedin_link, portfolio_link, hire, experience ) values
    (4, 'Keely Wyld', 'Osekovo', 1997, '683-341-2599', 'Nuclear Power Engineer', 'Female', 'https://randomuser.me/api/portraits/women/76.jpg', 'Open-architected didactic open architecture', 'https://joomla.org/sit/amet/lobortis/sapien.json', 'https://wordpress.com/metus/sapien/ut/nunc/vestibulum/ante.json', 'https://naver.com/ac/leo/pellentesque/ultrices/mattis/odio/donec.xml', false, 'Synergistic zero tolerance leverage');
    insert into graduates (graduate_account_id, full_name, cohort, passing_year, mobile, professional_interest , gender, photo_url, details, github_link, linkedin_link, portfolio_link, hire, experience ) values 
    (5, 'Rainer Doodney', 'Rača', 2000, '571-888-5794', 'Community Outreach Specialist', 'Male', 'https://randomuser.me/api/portraits/men/94.jpg', 'Organic solution-oriented software', 'https://fc2.com/ac/leo/pellentesque.json', 'http://hexun.com/integer/ac/leo/pellentesque/ultrices/mattis.jsp', 'https://forbes.com/ut/nunc/vestibulum/ante/ipsum/primis.aspx', false, 'Organic context-sensitive pricing structure');
    insert into graduates (graduate_account_id, full_name, cohort, passing_year, mobile, professional_interest , gender, photo_url, details, github_link, linkedin_link, portfolio_link, hire, experience ) values
    (6, 'Marline Foulds', 'Nemby', 2003, '699-541-1788', 'Librarian', 'Male', 'https://randomuser.me/api/portraits/men/67.jpg', 'Self-enabling leading edge flexibility', 'https://go.com/in/leo.json', 'https://mapy.cz/sollicitudin/mi/sit/amet/lobortis/sapien/sapien.png', 'http://spotify.com/convallis/nulla/neque/libero/convallis.xml', true, 'Optional cohesive implementation');
    insert into graduates (graduate_account_id, full_name, cohort, passing_year, mobile, professional_interest , gender, photo_url, details, github_link, linkedin_link, portfolio_link, hire, experience ) values 
    (7, 'Cherlyn Hoolaghan', 'Hudai', 2011, '399-641-3877', 'Media Manager IV', 'Female', 'https://randomuser.me/api/portraits/women/0.jpg', 'Horizontal non-volatile interface', 'http://yolasite.com/sapien/varius/ut/blandit.jpg', 'https://qq.com/viverra.jsp', 'http://imdb.com/posuere/cubilia/curae.png', true, 'Operative intermediate instruction set');
    insert into graduates (graduate_account_id, full_name, cohort, passing_year, mobile, professional_interest , gender, photo_url, details, github_link, linkedin_link, portfolio_link, hire, experience ) values 
    (8, 'Piggy Lenahan', 'General Cabrera', 1995, '975-312-6123', 'Web Developer II', 'Male', 'https://randomuser.me/api/portraits/men/83.jpg', 'Automated system-worthy task-force', 'http://booking.com/pharetra/magna/ac/consequat/metus.js', 'http://nydailynews.com/nisl/nunc/rhoncus/dui.xml', 'http://google.pl/ac/nibh/fusce/lacus/purus/aliquet/at.json', true, 'Extended high-level methodology');
    insert into graduates (graduate_account_id, full_name, cohort, passing_year, mobile, professional_interest , gender, photo_url, details, github_link, linkedin_link, portfolio_link, hire, experience ) values 
    (9, 'Lissa Betteney', 'Krông Kmar', 2005, '322-829-7764', 'Teacher', 'Female', 'https://randomuser.me/api/portraits/women/63.jpg', 'Open-architected static ability', 'https://bigcartel.com/vivamus/tortor/duis/mattis/egestas.html', 'https://berkeley.edu/non/pretium/quis/lectus/suspendisse/potenti/in.json', 'https://purevolume.com/est/congue/elementum.js', false, 'Persevering 6th generation conglomeration');
    insert into graduates (graduate_account_id, full_name, cohort, passing_year, mobile, professional_interest , gender, photo_url, details, github_link, linkedin_link, portfolio_link, hire, experience ) values 
    (10, 'Lennie Pyburn', 'Jeruk', 2002, '712-459-6704', 'Human Resources Manager', 'Male', 'https://randomuser.me/api/portraits/men/85.jpg', 'Extended exuding benchmark', 'http://123-reg.co.uk/ultrices/posuere/cubilia/curae/donec/pharetra.xml', 'http://upenn.edu/sapien/non/mi.aspx', 'http://who.int/rhoncus/aliquam/lacus/morbi/quis.json', false, 'Synergized methodical open system');
    insert into graduates (graduate_account_id, full_name, cohort, passing_year, mobile, professional_interest , gender, photo_url, details, github_link, linkedin_link, portfolio_link, hire, experience ) values 
    (11, 'Joline Stockport', 'Dengyue', 2004, '871-201-6530', 'Human Resources Assistant II', 'Female', 'https://randomuser.me/api/portraits/women/59.jpg', 'Upgradable object-oriented collaboration', 'https://privacy.gov.au/potenti/cras/in/purus/eu/magna/vulputate.jpg', 'http://craigslist.org/tortor/eu/pede.jsp', 'http://wordpress.org/id/ligula.js', true, 'Ameliorated secondary model');
    insert into graduates (graduate_account_id, full_name, cohort, passing_year, mobile, professional_interest , gender, photo_url, details, github_link, linkedin_link, portfolio_link, hire, experience ) values 
    (12, 'Juan Urien', 'Nuyno', 2000, '705-596-2449', 'Senior Sales Associate', 'Male', 'https://randomuser.me/api/portraits/men/32.jpg', 'Fully-configurable fresh-thinking local area network', 'https://dot.gov/ante/vivamus/tortor/duis/mattis/egestas.json', 'http://geocities.jp/tellus/semper.js', 'http://jimdo.com/quis/lectus/suspendisse/potenti/in/eleifend.js', true, 'Fundamental secondary Graphical User Interface');
    insert into graduates (graduate_account_id, full_name, cohort, passing_year, mobile, professional_interest , gender, photo_url, details, github_link, linkedin_link, portfolio_link, hire, experience ) values 
    (13, 'Elicia Westmerland', 'Jevremovac', 1993, '651-961-8775', 'Structural Engineer', 'Male', 'https://randomuser.me/api/portraits/men/60.jpg', 'Sharable background capability', 'http://vk.com/morbi/porttitor/lorem/id/ligula/suspendisse/ornare.html', 'http://vinaora.com/mauris/sit/amet/eros.js', 'http://businesswire.com/in/faucibus/orci/luctus/et/ultrices.json', true, 'Streamlined coherent access');
    insert into graduates (graduate_account_id, full_name, cohort, passing_year, mobile, professional_interest , gender, photo_url, details, github_link, linkedin_link, portfolio_link, hire, experience ) values 
    (14, 'Natividad Sellick', 'Ganghwa-gun', 1995, '110-556-6281', 'Staff Scientist', 'Female', 'https://randomuser.me/api/portraits/women/8.jpg', 'Cross-group object-oriented info-mediaries', 'https://google.it/odio.xml', 'http://mysql.com/molestie/sed/justo/pellentesque/viverra.html', 'https://thetimes.co.uk/quis.js', false, 'Enterprise-wide global knowledge user');
    insert into graduates (graduate_account_id, full_name, cohort, passing_year, mobile, professional_interest , gender, photo_url, details, github_link, linkedin_link, portfolio_link, hire, experience ) values 
    (15, 'Brook Mammatt', 'Montluçon', 2011, '131-970-8877', 'Internal Auditor', 'Female', 'https://randomuser.me/api/portraits/women/31.jpg', 'Progressive tertiary emulation', 'http://japanpost.jp/interdum.html', 'https://istockphoto.com/consequat/nulla.png', 'http://ehow.com/quisque/id.js', false, 'Persevering background encoding');
    insert into graduates (graduate_account_id, full_name, cohort, passing_year, mobile, professional_interest , gender, photo_url, details, github_link, linkedin_link, portfolio_link, hire, experience ) values 
    (16, 'Kial Neno', 'As Suqaylibīyah', 1989, '980-800-6394', 'Quality Engineer', 'Male', 'https://randomuser.me/api/portraits/men/71.jpg', 'Open-architected zero tolerance parallelism', 'https://hubpages.com/amet/consectetuer/adipiscing/elit.xml', 'https://360.cn/nullam/porttitor/lacus/at/turpis/donec.jsp', 'https://google.es/lacinia/eget/tincidunt/eget/tempus.json', true, 'Persevering executive success');
    insert into graduates (graduate_account_id, full_name, cohort, passing_year, mobile, professional_interest , gender, photo_url, details, github_link, linkedin_link, portfolio_link, hire, experience ) values 
    (17, 'Dunn Camerati', 'Jingzi', 1988, '197-856-6942', 'Human Resources Assistant IV', 'Female', 'https://randomuser.me/api/portraits/women/84.jpg', 'Proactive 24 hour structure', 'http://cisco.com/bibendum/morbi/non/quam/nec/dui.js', 'https://ucoz.com/sagittis/dui/vel/nisl/duis/ac.jpg', 'http://gnu.org/interdum.json', true, 'Future-proofed dedicated interface');
    insert into graduates (graduate_account_id, full_name, cohort, passing_year, mobile, professional_interest , gender, photo_url, details, github_link, linkedin_link, portfolio_link, hire, experience ) values 
    (18, 'Herrick Brugh', 'Fengjiang', 2001, '922-175-7770', 'Environmental Tech', 'Male', 'https://randomuser.me/api/portraits/men/59.jpg', 'Fully-configurable intangible firmware', 'https://ovh.net/diam/erat/fermentum.jpg', 'https://ucoz.com/condimentum/id/luctus/nec.png', 'https://un.org/in.xml', false, 'Distributed human-resource circuit');
    insert into graduates (graduate_account_id, full_name, cohort, passing_year, mobile, professional_interest , gender, photo_url, details, github_link, linkedin_link, portfolio_link, hire, experience ) values 
    (19, 'Marcellus Collabine', 'Lampa', 2008, '219-579-4270', 'Biostatistician III', 'Male', 'https://randomuser.me/api/portraits/men/61.jpg', 'Phased radical support', 'https://acquirethisname.com/tellus/in.json', 'http://hhs.gov/eu/interdum/eu/tincidunt/in/leo.html', 'https://who.int/augue.aspx', true, 'Proactive grid-enabled extranet');
    insert into graduates (graduate_account_id, full_name, cohort, passing_year, mobile, professional_interest , gender, photo_url, details, github_link, linkedin_link, portfolio_link, hire, experience ) values 
    (20, 'Kinny Pharaoh', 'Évry', 2012, '364-824-0327', 'Environmental Tech', 'Female', 'https://randomuser.me/api/portraits/women/68.jpg', 'Public-key reciprocal extranet', 'https://live.com/metus.png', 'http://ehow.com/ultrices/erat/tortor/sollicitudin/mi/sit/amet.jpg', 'https://stumbleupon.com/consequat/ut/nulla.jsp', true, 'De-engineered actuating product');




    insert into skills (graduate_id, skill) values (1, 'HTML and CSS');
    insert into skills (graduate_id, skill) values (2, 'Python');
    insert into skills (graduate_id, skill) values (3, 'Java');
    insert into skills (graduate_id, skill) values (4, 'JavaScript');
    insert into skills (graduate_id, skill) values (5, 'Swift');
    insert into skills (graduate_id, skill) values (6, 'C++');
    insert into skills (graduate_id, skill) values (7, 'C#');
    insert into skills (graduate_id, skill) values (8, 'SQL');
    insert into skills (graduate_id, skill) values (9, 'TypeScript');
    insert into skills (graduate_id, skill) values (10, 'Node.js');
    insert into skills (graduate_id, skill) values (11, 'React');
    insert into skills (graduate_id, skill) values (12, 'PHP');
    insert into skills (graduate_id, skill) values (13, 'Ruby');
    insert into skills (graduate_id, skill) values (14, 'C');
    insert into skills (graduate_id, skill) values (15, 'Visual Basic .NET');
    insert into skills (graduate_id, skill) values (16, 'Rust');
    insert into skills (graduate_id, skill) values (17, 'Figma');
    insert into skills (graduate_id, skill) values (18, 'Powershell');
    insert into skills (graduate_id, skill) values (19, 'Go');
    insert into skills (graduate_id, skill) values (20, 'Assembly language');



insert into graduate_skills (graduate_id, skills_id) values (1, 1);
insert into graduate_skills (graduate_id, skills_id) values (1, 2);
insert into graduate_skills (graduate_id, skills_id) values (1, 3);
insert into graduate_skills (graduate_id, skills_id) values (1, 4);
insert into graduate_skills (graduate_id, skills_id) values (1, 5);
insert into graduate_skills (graduate_id, skills_id) values (1, 6);
insert into graduate_skills (graduate_id, skills_id) values (1, 7); 
insert into graduate_skills (graduate_id, skills_id) values (1, 8);
insert into graduate_skills (graduate_id, skills_id) values (1, 9);
insert into graduate_skills (graduate_id, skills_id) values (2, 1);
insert into graduate_skills (graduate_id, skills_id) values (2, 2);
insert into graduate_skills (graduate_id, skills_id) values (2, 3);
insert into graduate_skills (graduate_id, skills_id) values (2, 4);
insert into graduate_skills (graduate_id, skills_id) values (2, 5);
insert into graduate_skills (graduate_id, skills_id) values (2, 6);
insert into graduate_skills (graduate_id, skills_id) values (2, 7); 
insert into graduate_skills (graduate_id, skills_id) values (2, 8);
insert into graduate_skills (graduate_id, skills_id) values (2, 9);
insert into graduate_skills (graduate_id, skills_id) values (3, 1);
insert into graduate_skills (graduate_id, skills_id) values (3, 2);
insert into graduate_skills (graduate_id, skills_id) values (3, 3);
insert into graduate_skills (graduate_id, skills_id) values (3, 4);
insert into graduate_skills (graduate_id, skills_id) values (3, 5);
insert into graduate_skills (graduate_id, skills_id) values (3, 6);
insert into graduate_skills (graduate_id, skills_id) values (3, 7); 
insert into graduate_skills (graduate_id, skills_id) values (3, 8);
insert into graduate_skills (graduate_id, skills_id) values (3, 9);
insert into graduate_skills (graduate_id, skills_id) values (4, 1);
insert into graduate_skills (graduate_id, skills_id) values (4, 2);
insert into graduate_skills (graduate_id, skills_id) values (4, 3);
insert into graduate_skills (graduate_id, skills_id) values (4, 4);
insert into graduate_skills (graduate_id, skills_id) values (4, 5);
insert into graduate_skills (graduate_id, skills_id) values (4, 6);
insert into graduate_skills (graduate_id, skills_id) values (4, 7); 
insert into graduate_skills (graduate_id, skills_id) values (4, 8);
insert into graduate_skills (graduate_id, skills_id) values (4, 9);
insert into graduate_skills (graduate_id, skills_id) values (5, 1);
insert into graduate_skills (graduate_id, skills_id) values (5, 2);
insert into graduate_skills (graduate_id, skills_id) values (5, 3);
insert into graduate_skills (graduate_id, skills_id) values (5, 4);
insert into graduate_skills (graduate_id, skills_id) values (5, 5);
insert into graduate_skills (graduate_id, skills_id) values (5, 6);
insert into graduate_skills (graduate_id, skills_id) values (5, 7); 
insert into graduate_skills (graduate_id, skills_id) values (5, 8);
insert into graduate_skills (graduate_id, skills_id) values (5, 9);
insert into graduate_skills (graduate_id, skills_id) values (6, 1);
insert into graduate_skills (graduate_id, skills_id) values (6, 2);
insert into graduate_skills (graduate_id, skills_id) values (6, 3);
insert into graduate_skills (graduate_id, skills_id) values (6, 4);
insert into graduate_skills (graduate_id, skills_id) values (6, 5);
insert into graduate_skills (graduate_id, skills_id) values (6, 6);
insert into graduate_skills (graduate_id, skills_id) values (6, 7); 
insert into graduate_skills (graduate_id, skills_id) values (6, 8);
insert into graduate_skills (graduate_id, skills_id) values (6, 9);
insert into graduate_skills (graduate_id, skills_id) values (7, 1);
insert into graduate_skills (graduate_id, skills_id) values (7, 2);
insert into graduate_skills (graduate_id, skills_id) values (7, 3);
insert into graduate_skills (graduate_id, skills_id) values (7, 4);
insert into graduate_skills (graduate_id, skills_id) values (7, 5);
insert into graduate_skills (graduate_id, skills_id) values (7, 6);
insert into graduate_skills (graduate_id, skills_id) values (7, 7); 
insert into graduate_skills (graduate_id, skills_id) values (7, 8);
insert into graduate_skills (graduate_id, skills_id) values (7, 9);
insert into graduate_skills (graduate_id, skills_id) values (8, 1);
insert into graduate_skills (graduate_id, skills_id) values (8, 2);
insert into graduate_skills (graduate_id, skills_id) values (8, 3);
insert into graduate_skills (graduate_id, skills_id) values (8, 4);
insert into graduate_skills (graduate_id, skills_id) values (8, 5);
insert into graduate_skills (graduate_id, skills_id) values (8, 6);
insert into graduate_skills (graduate_id, skills_id) values (8, 7); 
insert into graduate_skills (graduate_id, skills_id) values (8, 8);
insert into graduate_skills (graduate_id, skills_id) values (8, 9);
insert into graduate_skills (graduate_id, skills_id) values (9, 1);
insert into graduate_skills (graduate_id, skills_id) values (9, 2);
insert into graduate_skills (graduate_id, skills_id) values (9, 3);
insert into graduate_skills (graduate_id, skills_id) values (9, 4);
insert into graduate_skills (graduate_id, skills_id) values (9, 5);
insert into graduate_skills (graduate_id, skills_id) values (9, 6);
insert into graduate_skills (graduate_id, skills_id) values (9, 7); 
insert into graduate_skills (graduate_id, skills_id) values (9, 8);
insert into graduate_skills (graduate_id, skills_id) values (9, 9);
insert into graduate_skills (graduate_id, skills_id) values (10, 1);
insert into graduate_skills (graduate_id, skills_id) values (10, 2);
insert into graduate_skills (graduate_id, skills_id) values (10, 3);
insert into graduate_skills (graduate_id, skills_id) values (10, 4);
insert into graduate_skills (graduate_id, skills_id) values (10, 5);
insert into graduate_skills (graduate_id, skills_id) values (10, 6);
insert into graduate_skills (graduate_id, skills_id) values (10, 7); 
insert into graduate_skills (graduate_id, skills_id) values (10, 8);
insert into graduate_skills (graduate_id, skills_id) values (10, 9);
insert into graduate_skills (graduate_id, skills_id) values (11, 1);
insert into graduate_skills (graduate_id, skills_id) values (11, 2);
insert into graduate_skills (graduate_id, skills_id) values (11, 3);
insert into graduate_skills (graduate_id, skills_id) values (11, 4);
insert into graduate_skills (graduate_id, skills_id) values (11, 5);
insert into graduate_skills (graduate_id, skills_id) values (11, 6);
insert into graduate_skills (graduate_id, skills_id) values (11, 7); 
insert into graduate_skills (graduate_id, skills_id) values (11, 8);
insert into graduate_skills (graduate_id, skills_id) values (11, 9);
insert into graduate_skills (graduate_id, skills_id) values (12, 1);
insert into graduate_skills (graduate_id, skills_id) values (12, 2);
insert into graduate_skills (graduate_id, skills_id) values (12, 3);
insert into graduate_skills (graduate_id, skills_id) values (12, 4);
insert into graduate_skills (graduate_id, skills_id) values (12, 5);
insert into graduate_skills (graduate_id, skills_id) values (12, 6);
insert into graduate_skills (graduate_id, skills_id) values (12, 7); 
insert into graduate_skills (graduate_id, skills_id) values (12, 8);
insert into graduate_skills (graduate_id, skills_id) values (12, 9);
insert into graduate_skills (graduate_id, skills_id) values (13, 1);
insert into graduate_skills (graduate_id, skills_id) values (13, 2);
insert into graduate_skills (graduate_id, skills_id) values (13, 3);
insert into graduate_skills (graduate_id, skills_id) values (13, 4);
insert into graduate_skills (graduate_id, skills_id) values (13, 5);
insert into graduate_skills (graduate_id, skills_id) values (13, 6);
insert into graduate_skills (graduate_id, skills_id) values (13, 7); 
insert into graduate_skills (graduate_id, skills_id) values (13, 8);
insert into graduate_skills (graduate_id, skills_id) values (13, 9);
insert into graduate_skills (graduate_id, skills_id) values (14, 1);
insert into graduate_skills (graduate_id, skills_id) values (14, 2);
insert into graduate_skills (graduate_id, skills_id) values (14, 3);
insert into graduate_skills (graduate_id, skills_id) values (14, 4);
insert into graduate_skills (graduate_id, skills_id) values (14, 5);
insert into graduate_skills (graduate_id, skills_id) values (14, 6);
insert into graduate_skills (graduate_id, skills_id) values (14, 7); 
insert into graduate_skills (graduate_id, skills_id) values (14, 8);
insert into graduate_skills (graduate_id, skills_id) values (14, 9);
insert into graduate_skills (graduate_id, skills_id) values (15, 1);
insert into graduate_skills (graduate_id, skills_id) values (15, 2);
insert into graduate_skills (graduate_id, skills_id) values (15, 3);
insert into graduate_skills (graduate_id, skills_id) values (15, 4);
insert into graduate_skills (graduate_id, skills_id) values (15, 5);
insert into graduate_skills (graduate_id, skills_id) values (15, 6);
insert into graduate_skills (graduate_id, skills_id) values (15, 7); 
insert into graduate_skills (graduate_id, skills_id) values (15, 8);
insert into graduate_skills (graduate_id, skills_id) values (15, 9);
insert into graduate_skills (graduate_id, skills_id) values (16, 1);
insert into graduate_skills (graduate_id, skills_id) values (16, 2);
insert into graduate_skills (graduate_id, skills_id) values (16, 3);
insert into graduate_skills (graduate_id, skills_id) values (16, 4);
insert into graduate_skills (graduate_id, skills_id) values (16, 5);
insert into graduate_skills (graduate_id, skills_id) values (16, 6);
insert into graduate_skills (graduate_id, skills_id) values (16, 7); 
insert into graduate_skills (graduate_id, skills_id) values (16, 8);
insert into graduate_skills (graduate_id, skills_id) values (16, 9);
insert into graduate_skills (graduate_id, skills_id) values (17, 1);
insert into graduate_skills (graduate_id, skills_id) values (17, 2);
insert into graduate_skills (graduate_id, skills_id) values (17, 3);
insert into graduate_skills (graduate_id, skills_id) values (17, 4);
insert into graduate_skills (graduate_id, skills_id) values (17, 5);
insert into graduate_skills (graduate_id, skills_id) values (17, 6);
insert into graduate_skills (graduate_id, skills_id) values (17, 7); 
insert into graduate_skills (graduate_id, skills_id) values (17, 8);
insert into graduate_skills (graduate_id, skills_id) values (17, 9);
insert into graduate_skills (graduate_id, skills_id) values (18, 1);
insert into graduate_skills (graduate_id, skills_id) values (18, 2);
insert into graduate_skills (graduate_id, skills_id) values (18, 3);
insert into graduate_skills (graduate_id, skills_id) values (18, 4);
insert into graduate_skills (graduate_id, skills_id) values (18, 5);
insert into graduate_skills (graduate_id, skills_id) values (18, 6);
insert into graduate_skills (graduate_id, skills_id) values (18, 7); 
insert into graduate_skills (graduate_id, skills_id) values (18, 8);
insert into graduate_skills (graduate_id, skills_id) values (18, 9);
insert into graduate_skills (graduate_id, skills_id) values (19, 1);
insert into graduate_skills (graduate_id, skills_id) values (19, 2);
insert into graduate_skills (graduate_id, skills_id) values (19, 3);
insert into graduate_skills (graduate_id, skills_id) values (19, 4);
insert into graduate_skills (graduate_id, skills_id) values (19, 5);
insert into graduate_skills (graduate_id, skills_id) values (19, 6);
insert into graduate_skills (graduate_id, skills_id) values (19, 7); 
insert into graduate_skills (graduate_id, skills_id) values (19, 8);
insert into graduate_skills (graduate_id, skills_id) values (19, 9);
insert into graduate_skills (graduate_id, skills_id) values (20, 1);
insert into graduate_skills (graduate_id, skills_id) values (20, 2);
insert into graduate_skills (graduate_id, skills_id) values (20, 3);
insert into graduate_skills (graduate_id, skills_id) values (20, 4);
insert into graduate_skills (graduate_id, skills_id) values (20, 5);
insert into graduate_skills (graduate_id, skills_id) values (20, 6);
insert into graduate_skills (graduate_id, skills_id) values (20, 7); 
insert into graduate_skills (graduate_id, skills_id) values (20, 8);
insert into graduate_skills (graduate_id, skills_id) values (20, 9);
